txnode;txpower;plen;rxnode;request;n;mean;min;max;q1;median;q3;stddev;loss;noise_n;noise_mean;noise_stddev;alive_n;millitimeStart;millitimeStop
43;31;0;4;0;5580;-43.591577;-49.0;-36.0;-46.0;-44.0;-41.0;2.876816;0.245946;985;75.611168;1.339699;495;1338126275284;1338891012622
43;31;0;5;0;120;-47.250000;-49.0;-46.0;-48.0;-47.0;-47.0;0.842665;0.983784;978;75.109407;0.492828;489;1338126275284;1338891012622
43;31;0;6;0;2879;-43.824592;-47.0;-40.0;-45.0;-44.0;-42.0;1.519896;0.610946;979;77.066394;0.747651;489;1338126275284;1338891012622
43;31;0;7;0;7400;-12.970811;-18.0;-9.0;-14.0;-14.0;-11.0;1.866025;0.000000;982;77.028513;2.214124;489;1338126275284;1338891012622
43;31;0;10;0;29;-47.206897;-47.0;-47.0;-47.0;-47.0;-47.0;0.491304;0.996081;981;76.004077;0.651516;495;1338126275284;1338891012622
43;31;0;12;0;7366;-38.051181;-42.0;-35.0;-39.0;-38.0;-37.0;1.489939;0.004595;981;74.138634;1.309754;498;1338126275284;1338891012622
43;31;0;13;0;6069;-44.643763;-46.0;-43.0;-45.0;-45.0;-44.0;1.313550;0.179865;989;76.290192;0.860582;492;1338126275284;1338891012622
43;31;0;14;0;7400;-11.878784;-21.0;-8.0;-14.0;-13.0;-9.0;2.341972;0.000000;980;77.707143;2.373016;491;1338126275284;1338891012622
43;31;0;15;0;7400;-18.609865;-22.0;-14.0;-19.0;-19.0;-17.0;2.307860;0.000000;979;74.244127;1.975477;498;1338126275284;1338891012622
43;31;0;17;0;7400;-16.017027;-20.0;-12.0;-17.0;-15.0;-15.0;2.833675;0.000000;983;75.467955;2.990266;492;1338126275284;1338891012622
43;31;0;22;0;3117;-46.422842;-51.0;-43.0;-48.0;-46.0;-45.0;1.518256;0.578784;981;73.899083;1.132547;499;1338126275284;1338891012622
43;31;0;25;0;7369;-37.828742;-42.0;-35.0;-39.0;-38.0;-37.0;1.003514;0.004189;986;74.534483;1.088625;491;1338126275284;1338891012622
43;31;0;28;0;7345;-36.785568;-42.0;-31.0;-38.0;-37.0;-35.0;2.359196;0.007432;983;77.082401;1.661939;493;1338126275284;1338891012622
43;31;0;29;0;5685;-49.427792;-51.0;-48.0;-50.0;-49.0;-49.0;0.854224;0.231757;976;71.907787;1.143858;488;1338126275284;1338891012622
43;31;0;30;0;6544;-45.243582;-50.0;-40.0;-47.0;-46.0;-44.0;2.482269;0.115676;986;73.670385;1.046083;498;1338126275284;1338891012622
43;31;0;31;0;2349;-47.671775;-51.0;-42.0;-49.0;-48.0;-46.0;1.632029;0.682568;982;73.263747;0.887499;496;1338126275284;1338891012622
43;31;0;32;0;19;-46.526316;-47.0;-46.0;-47.0;-47.0;-46.0;0.512989;0.997432;984;77.011179;0.562364;493;1338126275284;1338891012622
43;31;0;33;0;7386;-29.174926;-33.0;-25.0;-30.0;-29.0;-28.0;2.646903;0.001892;989;76.097068;1.988500;495;1338126275284;1338891012622
43;31;0;35;0;7330;-39.951569;-41.0;-38.0;-40.0;-39.0;-39.0;2.129067;0.009459;989;74.769464;2.047374;488;1338126275284;1338891012622
43;31;0;36;0;5840;-45.836815;-50.0;-42.0;-47.0;-46.0;-45.0;1.221593;0.210811;984;74.866870;1.071009;501;1338126275284;1338891012622
43;31;0;37;0;7400;-18.722703;-24.0;-15.0;-20.0;-18.0;-17.0;2.325080;0.000000;975;75.003077;2.400161;499;1338126275284;1338891012622
43;31;0;41;0;7347;-36.693480;-44.0;-29.0;-38.0;-36.0;-34.0;3.458787;0.007162;984;77.343496;1.464361;492;1338126275284;1338891012622
43;31;0;42;0;1285;-47.442023;-49.0;-46.0;-48.0;-48.0;-47.0;0.800570;0.826351;981;74.528033;1.636472;489;1338126275284;1338891012622
43;31;0;44;0;7357;-38.428979;-42.0;-35.0;-39.0;-38.0;-37.0;1.748305;0.005811;987;73.903749;0.930580;495;1338126275284;1338891012622
43;31;0;46;0;7359;-29.976627;-35.0;-24.0;-31.0;-30.0;-28.0;2.859631;0.005541;986;76.396552;1.681173;492;1338126275284;1338891012622
43;31;0;47;0;7400;-24.564865;-26.0;-23.0;-25.0;-24.0;-24.0;1.509750;0.000000;983;76.387589;1.808930;494;1338126275284;1338891012622
43;31;0;48;0;7400;-23.637568;-29.0;-19.0;-25.0;-23.0;-22.0;1.760492;0.000000;982;75.218941;1.887760;489;1338126275284;1338891012622
43;31;0;50;0;6698;-45.836070;-49.0;-42.0;-47.0;-46.0;-45.0;0.986243;0.094865;979;74.934627;1.080510;487;1338126275284;1338891012622
43;31;16;4;0;5116;-43.284011;-48.0;-36.0;-46.0;-44.0;-42.0;2.741390;0.308649;978;75.716769;2.054664;488;1338126395591;1338891132951
43;31;16;5;0;100;-47.150000;-47.0;-47.0;-47.0;-47.0;-47.0;0.557320;0.986486;985;75.152284;0.547683;491;1338126395591;1338891132951
43;31;16;6;0;2567;-43.636541;-47.0;-40.0;-45.0;-44.0;-42.0;1.475164;0.653108;976;77.100410;0.747069;493;1338126395591;1338891132951
43;31;16;7;0;7400;-12.893649;-18.0;-9.0;-14.0;-13.0;-11.0;1.962526;0.000000;980;77.020408;2.351100;496;1338126395591;1338891132951
43;31;16;10;0;28;-46.571429;-48.0;-45.0;-47.0;-47.0;-46.0;0.741798;0.996216;979;76.006129;0.712123;497;1338126395591;1338891132951
43;31;16;12;0;7332;-38.060829;-42.0;-35.0;-39.0;-38.0;-37.0;1.539587;0.009189;985;74.189848;1.533998;487;1338126395591;1338891132951
43;31;16;13;0;5712;-44.651085;-46.0;-43.0;-45.0;-45.0;-44.0;1.155682;0.228108;983;76.341811;1.492395;492;1338126395591;1338891132951
43;31;16;14;0;7400;-11.993649;-21.0;-8.0;-14.0;-13.0;-9.0;2.406200;0.000000;981;77.748216;2.939320;490;1338126395591;1338891132951
43;31;16;15;0;7400;-18.342973;-22.0;-14.0;-19.0;-18.0;-17.0;1.975165;0.000000;985;74.427411;3.268950;494;1338126395591;1338891132951
43;31;16;17;0;7390;-15.922463;-20.0;-12.0;-17.0;-15.0;-15.0;2.979621;0.001351;982;75.566191;3.531307;498;1338126395591;1338891132951
43;31;16;22;0;2966;-46.371207;-50.0;-43.0;-47.0;-46.0;-45.0;1.402756;0.599189;983;73.951170;1.105281;495;1338126395591;1338891132951
43;31;16;25;0;7330;-37.852933;-42.0;-35.0;-39.0;-38.0;-37.0;1.221396;0.009459;983;74.704985;1.799651;491;1338126395591;1338891132951
43;31;16;28;0;7296;-36.553043;-42.0;-31.0;-38.0;-36.0;-35.0;2.141194;0.014054;988;77.076923;1.496417;490;1338126395591;1338891132951
43;31;16;29;0;5633;-49.340138;-51.0;-48.0;-50.0;-49.0;-49.0;0.767584;0.238784;990;71.904040;0.818074;492;1338126395591;1338891132951
43;31;16;30;0;6407;-45.127049;-50.0;-40.0;-47.0;-45.0;-44.0;2.322721;0.134189;983;73.687691;1.024706;490;1338126395591;1338891132951
43;31;16;31;0;2144;-47.339086;-51.0;-42.0;-49.0;-47.0;-46.0;1.491066;0.710270;983;73.262462;1.061397;492;1338126395591;1338891132951
43;31;16;33;0;7378;-29.114394;-33.0;-25.0;-30.0;-29.0;-28.0;2.567126;0.002973;983;76.035605;1.863945;494;1338126395591;1338891132951
43;31;16;35;0;7256;-40.082415;-41.0;-38.0;-40.0;-39.0;-39.0;2.338858;0.019459;981;74.745158;1.493622;496;1338126395591;1338891132951
43;31;16;36;0;5966;-45.762655;-49.0;-42.0;-47.0;-46.0;-45.0;1.245271;0.193784;982;74.928717;1.316023;481;1338126395591;1338891132951
43;31;16;37;0;7400;-18.449459;-22.0;-15.0;-19.0;-18.0;-17.0;2.123091;0.000000;982;74.948065;2.389313;492;1338126395591;1338891132951
43;31;16;41;0;7254;-36.636752;-44.0;-30.0;-38.0;-36.0;-34.0;3.543857;0.019730;987;77.346505;1.172494;497;1338126395591;1338891132951
43;31;16;42;0;1142;-47.288967;-49.0;-46.0;-48.0;-48.0;-47.0;0.956843;0.845676;992;74.533266;1.182150;492;1338126395591;1338891132951
43;31;16;44;0;7318;-38.430172;-42.0;-35.0;-39.0;-38.0;-37.0;1.842352;0.011081;978;74.098160;2.001171;494;1338126395591;1338891132951
43;31;16;46;0;7375;-29.733288;-35.0;-24.0;-31.0;-30.0;-28.0;2.762019;0.003378;979;76.471910;2.154554;495;1338126395591;1338891132951
43;31;16;47;0;7400;-24.664730;-28.0;-21.0;-25.0;-24.0;-23.0;1.716775;0.000000;982;76.463340;2.003102;486;1338126395591;1338891132951
43;31;16;48;0;7400;-23.530405;-29.0;-19.0;-25.0;-23.0;-22.0;1.865282;0.000000;980;75.215306;2.145754;496;1338126395591;1338891132951
43;31;16;50;0;6494;-45.716662;-47.0;-44.0;-46.0;-46.0;-45.0;0.939463;0.122432;983;74.909461;0.967360;494;1338126395591;1338891132951
43;31;64;4;0;4557;-43.037305;-48.0;-37.0;-45.0;-43.0;-41.0;2.609484;0.384189;982;75.766802;1.782689;493;1338126515936;1338891253299
43;31;64;5;0;138;-46.202899;-48.0;-45.0;-47.0;-46.0;-46.0;0.838485;0.981351;990;75.169697;0.652824;494;1338126515936;1338891253299
43;31;64;6;0;2203;-43.394008;-46.0;-40.0;-45.0;-44.0;-42.0;1.500227;0.702297;983;77.101729;0.809709;496;1338126515936;1338891253299
43;31;64;7;0;7400;-12.709189;-18.0;-9.0;-14.0;-13.0;-11.0;1.851720;0.000000;982;77.815682;5.922334;492;1338126515936;1338891253299
43;31;64;10;0;8;-46.250000;-47.0;-44.0;-47.0;-47.0;-45.5;1.164965;0.998919;983;76.040692;0.831148;493;1338126515936;1338891253299
43;31;64;12;0;7280;-37.970330;-42.0;-35.0;-39.0;-38.0;-37.0;1.511852;0.016216;977;74.518936;2.746440;490;1338126515936;1338891253299
43;31;64;13;0;5449;-44.468893;-46.0;-43.0;-45.0;-45.0;-44.0;1.149681;0.263649;982;76.381874;1.178207;491;1338126515936;1338891253299
43;31;64;14;0;7400;-11.965270;-21.0;-8.0;-14.0;-13.0;-9.0;2.506272;0.000000;985;78.603046;6.185299;492;1338126515936;1338891253299
43;31;64;15;0;7396;-18.517577;-22.0;-15.0;-19.0;-18.0;-17.0;2.289663;0.000541;984;75.045732;5.611257;486;1338126515936;1338891253299
43;31;64;17;0;7399;-15.779430;-20.0;-12.0;-17.0;-15.0;-15.0;2.503526;0.000135;978;76.473415;6.638942;486;1338126515936;1338891253299
43;31;64;22;0;2927;-46.057055;-49.0;-42.0;-47.0;-46.0;-45.0;1.222856;0.604459;980;74.052041;1.549439;495;1338126515936;1338891253299
43;31;64;25;0;7316;-37.759841;-42.0;-35.0;-39.0;-38.0;-37.0;1.076121;0.011351;986;74.809331;2.346215;496;1338126515936;1338891253299
43;31;64;28;0;7266;-36.561932;-42.0;-31.0;-38.0;-37.0;-35.0;2.182853;0.018108;980;77.367347;2.803353;494;1338126515936;1338891253299
43;31;64;29;0;4876;-49.237695;-51.0;-48.0;-50.0;-49.0;-49.0;0.693636;0.341081;980;72.047959;1.261817;495;1338126515936;1338891253299
43;31;64;30;0;6189;-45.255776;-50.0;-40.0;-47.0;-46.0;-44.0;2.148725;0.163649;974;73.803901;1.485644;491;1338126515936;1338891253299
43;31;64;31;0;1796;-46.999443;-50.0;-43.0;-48.0;-47.0;-46.0;1.392979;0.757297;987;73.292806;0.797040;495;1338126515936;1338891253299
43;31;64;33;0;7372;-29.093055;-30.0;-27.0;-29.0;-29.0;-28.0;2.376631;0.003784;980;76.558163;3.742979;485;1338126515936;1338891253299
43;31;64;35;0;7140;-39.941176;-41.0;-38.0;-40.0;-39.0;-39.0;2.143843;0.035135;981;74.895005;2.071721;487;1338126515936;1338891253299
43;31;64;36;0;5385;-45.676880;-49.0;-42.0;-47.0;-46.0;-45.0;1.145585;0.272297;986;74.966531;1.121952;495;1338126515936;1338891253299
43;31;64;37;0;7400;-18.693784;-24.0;-15.0;-20.0;-18.0;-17.0;2.443748;0.000000;985;75.611168;5.060817;493;1338126515936;1338891253299
43;31;64;41;0;7069;-36.650021;-44.0;-30.0;-38.0;-36.0;-34.0;3.545368;0.044730;982;77.746436;2.617253;490;1338126515936;1338891253299
43;31;64;42;0;878;-46.708428;-49.0;-43.0;-48.0;-47.0;-46.0;1.104235;0.881351;982;74.575356;1.672444;493;1338126515936;1338891253299
43;31;64;44;0;7282;-38.365284;-42.0;-35.0;-39.0;-38.0;-37.0;1.694102;0.015946;976;74.229508;2.377370;492;1338126515936;1338891253299
43;31;64;46;0;7361;-29.827741;-35.0;-24.0;-31.0;-30.0;-28.0;2.827985;0.005270;976;76.784836;3.347378;489;1338126515936;1338891253299
43;31;64;47;0;7399;-24.578727;-28.0;-21.0;-25.0;-24.0;-23.0;1.481703;0.000135;980;77.078571;4.435550;494;1338126515936;1338891253299
43;31;64;48;0;7400;-23.622568;-29.0;-19.0;-25.0;-23.0;-22.0;1.892532;0.000000;987;75.907801;4.793146;500;1338126515936;1338891253299
43;31;64;50;0;6033;-45.637660;-47.0;-44.0;-46.0;-46.0;-45.0;0.938946;0.184730;982;74.992872;1.248424;492;1338126515936;1338891253299
43;27;0;4;0;4113;-44.118405;-49.0;-38.0;-45.0;-44.0;-42.0;2.180640;0.444189;987;75.636272;1.718065;491;1338126290328;1338891027663
43;27;0;5;0;40;-47.675000;-48.0;-47.0;-48.0;-48.0;-47.0;0.474342;0.994595;984;75.172764;1.084727;498;1338126290328;1338891027663
43;27;0;6;0;1962;-44.247197;-48.0;-41.0;-45.0;-44.0;-43.0;1.149931;0.734865;983;77.027467;0.444769;497;1338126290328;1338891027663
43;27;0;7;0;7400;-12.930000;-21.0;-9.0;-15.0;-14.0;-11.0;2.402575;0.000000;984;77.146341;3.218545;494;1338126290328;1338891027663
43;27;0;10;0;5;-47.800000;-48.0;-48.0;-48.0;-48.0;-48.0;0.447214;0.999324;984;76.017276;1.007957;492;1338126290328;1338891027663
43;27;0;12;0;7328;-39.585835;-44.0;-36.0;-41.0;-39.0;-38.0;1.626433;0.009730;989;74.152679;1.651875;491;1338126290328;1338891027663
43;27;0;13;0;4730;-45.467865;-47.0;-44.0;-46.0;-46.0;-45.0;0.979124;0.360811;978;76.232106;0.665199;493;1338126290328;1338891027663
43;27;0;14;0;7399;-12.335316;-21.0;-8.0;-14.0;-13.0;-9.0;2.500367;0.000135;979;77.693565;2.535246;489;1338126290328;1338891027663
43;27;0;15;0;7400;-19.963378;-24.0;-16.0;-21.0;-19.0;-19.0;2.026353;0.000000;979;74.303371;2.539443;495;1338126290328;1338891027663
43;27;0;17;0;7399;-17.555886;-23.0;-12.0;-19.0;-17.0;-16.0;2.683358;0.000135;987;75.475177;2.899280;493;1338126290328;1338891027663
43;27;0;22;0;2424;-46.980198;-50.0;-45.0;-48.0;-47.0;-46.0;1.083217;0.672432;986;73.907708;0.944448;490;1338126290328;1338891027663
43;27;0;25;0;7347;-39.349803;-41.0;-38.0;-40.0;-39.0;-39.0;1.159074;0.007162;978;74.580777;1.257981;493;1338126290328;1338891027663
43;27;0;28;0;7324;-38.136128;-44.0;-33.0;-40.0;-38.0;-37.0;2.363154;0.010270;982;77.002037;1.442049;491;1338126290328;1338891027663
43;27;0;29;0;4067;-50.217851;-52.0;-49.0;-51.0;-50.0;-50.0;0.725643;0.450405;986;71.859026;0.891815;493;1338126290328;1338891027663
43;27;0;30;0;5789;-46.123165;-50.0;-41.0;-48.0;-46.0;-45.0;2.137110;0.217703;983;73.660224;0.981766;494;1338126290328;1338891027663
43;27;0;31;0;1397;-47.824624;-51.0;-44.0;-49.0;-48.0;-47.0;1.461549;0.811216;984;73.284553;1.305877;488;1338126290328;1338891027663
43;27;0;33;0;7370;-30.740027;-34.0;-26.0;-31.0;-31.0;-29.0;2.748021;0.004054;977;76.147390;2.091350;494;1338126290328;1338891027663
43;27;0;35;0;7261;-41.502686;-45.0;-39.0;-42.0;-41.0;-40.0;2.019846;0.018784;982;74.639511;0.966507;498;1338126290328;1338891027663
43;27;0;36;0;5029;-46.577848;-48.0;-45.0;-47.0;-47.0;-46.0;1.070763;0.320405;980;74.866327;0.996156;490;1338126290328;1338891027663
43;27;0;37;0;7400;-20.113378;-24.0;-17.0;-21.0;-19.0;-19.0;2.573999;0.000000;992;75.012097;2.473646;488;1338126290328;1338891027663
43;27;0;41;0;7204;-37.894087;-47.0;-30.0;-40.0;-38.0;-35.0;3.412950;0.026486;981;77.375127;1.334760;496;1338126290328;1338891027663
43;27;0;42;0;535;-47.981308;-49.0;-47.0;-49.0;-48.0;-48.0;0.999825;0.927703;976;74.454918;0.673313;489;1338126290328;1338891027663
43;27;0;44;0;7334;-40.047178;-44.0;-37.0;-41.0;-39.0;-39.0;1.831571;0.008919;986;73.923935;1.052575;496;1338126290328;1338891027663
43;27;0;46;0;7300;-31.307945;-37.0;-26.0;-33.0;-31.0;-30.0;2.627584;0.013514;982;76.428717;1.787518;493;1338126290328;1338891027663
43;27;0;47;0;7399;-26.233275;-30.0;-22.0;-27.0;-26.0;-25.0;1.775344;0.000135;986;76.564909;2.197448;493;1338126290328;1338891027663
43;27;0;48;0;7400;-25.192297;-31.0;-21.0;-27.0;-25.0;-24.0;1.982058;0.000000;977;75.165814;2.012038;487;1338126290328;1338891027663
43;27;0;50;0;5431;-46.580004;-48.0;-45.0;-47.0;-47.0;-46.0;0.916092;0.266081;982;74.894094;0.897945;497;1338126290328;1338891027663
43;27;16;4;0;3933;-43.780320;-48.0;-40.0;-45.0;-44.0;-43.0;2.235624;0.468514;986;75.674442;1.940876;490;1338126410656;1338891148013
43;27;16;5;0;28;-47.607143;-48.0;-46.0;-48.0;-48.0;-47.0;0.566947;0.996216;982;75.116090;0.511604;496;1338126410656;1338891148013
43;27;16;6;0;1591;-43.962288;-47.0;-41.0;-45.0;-44.0;-43.0;1.132076;0.785000;978;77.044990;0.794054;489;1338126410656;1338891148013
43;27;16;7;0;7400;-12.869054;-21.0;-9.0;-15.0;-13.0;-11.0;2.524648;0.000000;978;77.173824;3.287402;485;1338126410656;1338891148013
43;27;16;10;0;23;-46.304348;-47.0;-45.0;-47.0;-46.0;-46.0;0.702902;0.996892;982;76.020367;0.776563;487;1338126410656;1338891148013
43;27;16;12;0;7326;-39.565793;-45.0;-35.0;-41.0;-39.0;-38.0;1.733815;0.010000;982;74.140530;1.429487;489;1338126410656;1338891148013
43;27;16;13;0;4318;-45.322371;-47.0;-44.0;-46.0;-45.0;-45.0;0.959362;0.416486;978;76.368098;1.386248;495;1338126410656;1338891148013
43;27;16;14;0;7399;-12.272469;-21.0;-8.0;-14.0;-13.0;-9.0;2.699581;0.000135;982;78.203666;4.904934;494;1338126410656;1338891148013
43;27;16;15;0;7399;-19.886201;-24.0;-16.0;-21.0;-19.0;-19.0;2.049211;0.000135;981;74.353721;2.886326;488;1338126410656;1338891148013
43;27;16;17;0;7399;-17.545209;-23.0;-12.0;-19.0;-17.0;-16.0;2.799621;0.000135;982;75.554990;3.460058;488;1338126410656;1338891148013
43;27;16;22;0;2385;-46.977778;-50.0;-45.0;-48.0;-47.0;-46.0;1.012883;0.677703;978;73.969325;1.469958;493;1338126410656;1338891148013
43;27;16;25;0;7349;-39.266567;-41.0;-38.0;-40.0;-39.0;-39.0;1.031274;0.006892;978;74.664622;1.728796;495;1338126410656;1338891148013
43;27;16;28;0;7303;-37.816651;-43.0;-32.0;-39.0;-38.0;-36.0;2.249243;0.013108;982;77.048880;1.457398;494;1338126410656;1338891148013
43;27;16;29;0;3575;-50.069091;-50.0;-50.0;-50.0;-50.0;-50.0;0.681504;0.516892;977;71.888434;0.770112;493;1338126410656;1338891148013
43;27;16;30;0;5745;-46.100087;-50.0;-42.0;-47.0;-46.0;-45.0;1.968124;0.223649;980;73.758163;1.779375;484;1338126410656;1338891148013
43;27;16;31;0;1369;-47.530314;-49.0;-46.0;-48.0;-47.0;-47.0;1.144205;0.815000;974;73.285421;0.975893;496;1338126410656;1338891148013
43;27;16;33;0;7376;-30.631101;-34.0;-26.0;-31.0;-31.0;-29.0;2.323680;0.003243;982;76.071283;1.902574;485;1338126410656;1338891148013
43;27;16;35;0;7162;-41.589221;-47.0;-38.0;-43.0;-41.0;-40.0;2.175497;0.032162;983;74.707019;1.672718;490;1338126410656;1338891148013
43;27;16;36;0;4672;-46.459974;-48.0;-45.0;-47.0;-46.0;-46.0;1.017563;0.368649;979;74.997957;1.251582;493;1338126410656;1338891148013
43;27;16;37;0;7400;-19.947568;-24.0;-16.0;-21.0;-19.0;-19.0;2.164216;0.000000;981;75.182467;3.467390;490;1338126410656;1338891148013
43;27;16;41;0;7078;-37.846002;-45.0;-30.0;-39.0;-38.0;-35.0;3.432470;0.043514;985;77.409137;1.648514;492;1338126410656;1338891148013
43;27;16;42;0;328;-47.423780;-49.0;-46.0;-48.0;-48.0;-47.0;1.498311;0.955676;975;74.475897;0.874686;498;1338126410656;1338891148013
43;27;16;44;0;7317;-40.054531;-44.0;-37.0;-41.0;-39.0;-39.0;1.898002;0.011216;983;74.034588;1.513289;488;1338126410656;1338891148013
43;27;16;46;0;7368;-31.127307;-36.0;-25.0;-32.0;-31.0;-29.0;2.595079;0.004324;989;76.511628;2.192441;492;1338126410656;1338891148013
43;27;16;47;0;7400;-26.267568;-30.0;-23.0;-27.0;-26.0;-25.0;1.808071;0.000000;981;76.732926;3.178054;491;1338126410656;1338891148013
43;27;16;48;0;7400;-25.075676;-33.0;-20.0;-27.0;-25.0;-23.0;2.042117;0.000000;976;75.422131;3.055064;495;1338126410656;1338891148013
43;27;16;50;0;4986;-46.456077;-48.0;-45.0;-47.0;-47.0;-46.0;0.848490;0.326216;979;74.941777;1.261220;493;1338126410656;1338891148013
43;27;64;4;0;3252;-43.602091;-48.0;-38.0;-45.0;-44.0;-42.0;1.888877;0.560541;981;75.646279;1.210607;499;1338126530976;1338891268357
43;27;64;5;0;23;-47.086957;-47.0;-47.0;-47.0;-47.0;-47.0;0.288104;0.996892;981;75.138634;0.603684;492;1338126530976;1338891268357
43;27;64;6;0;1411;-43.725018;-45.0;-42.0;-44.0;-43.0;-43.0;0.943551;0.809324;975;77.103590;1.044462;489;1338126530976;1338891268357
43;27;64;7;0;7400;-12.846486;-21.0;-9.0;-15.0;-13.0;-11.0;2.460105;0.000000;982;77.852342;5.936256;492;1338126530976;1338891268357
43;27;64;12;0;7253;-39.515235;-45.0;-35.0;-41.0;-39.0;-38.0;1.696073;0.019865;978;74.528630;2.583646;501;1338126530976;1338891268357
43;27;64;13;0;3534;-45.225806;-47.0;-44.0;-46.0;-45.0;-45.0;0.890209;0.522432;988;76.414980;1.204457;493;1338126530976;1338891268357
43;27;64;14;0;7400;-12.280541;-21.0;-8.0;-14.0;-13.0;-9.0;2.648881;0.000000;979;78.788560;6.696093;493;1338126530976;1338891268357
43;27;64;15;0;7391;-19.905696;-24.0;-16.0;-21.0;-19.0;-19.0;2.407118;0.001216;977;75.155578;5.756532;497;1338126530976;1338891268357
43;27;64;17;0;7400;-17.183919;-25.0;-9.0;-19.0;-17.0;-15.0;2.443542;0.000000;985;76.058883;5.374831;492;1338126530976;1338891268357
43;27;64;22;0;2392;-46.858278;-48.0;-45.0;-47.0;-47.0;-46.0;0.899127;0.676757;980;74.059184;1.160539;491;1338126530976;1338891268357
43;27;64;25;0;7295;-39.283345;-41.0;-38.0;-40.0;-39.0;-39.0;1.080483;0.014189;987;74.873354;2.384273;496;1338126530976;1338891268357
43;27;64;28;0;7244;-37.890530;-43.0;-32.0;-39.0;-38.0;-36.0;2.238326;0.021081;985;77.212183;1.912904;497;1338126530976;1338891268357
43;27;64;29;0;2652;-49.941176;-50.0;-50.0;-50.0;-50.0;-50.0;0.613818;0.641622;979;71.978550;0.925966;488;1338126530976;1338891268357
43;27;64;30;0;5174;-46.029378;-50.0;-42.0;-47.0;-46.0;-45.0;1.727499;0.300811;985;73.763452;1.197000;500;1338126530976;1338891268357
43;27;64;31;0;1208;-47.403974;-49.0;-46.0;-48.0;-47.0;-47.0;1.080390;0.836757;981;73.298675;1.075463;491;1338126530976;1338891268357
43;27;64;33;0;7339;-30.563565;-34.0;-26.0;-31.0;-30.0;-29.0;2.425592;0.008243;984;76.373984;3.113057;496;1338126530976;1338891268357
43;27;64;35;0;7037;-41.441950;-47.0;-38.0;-43.0;-41.0;-40.0;1.998775;0.049054;981;74.761468;1.626372;497;1338126530976;1338891268357
43;27;64;36;0;4120;-46.302427;-48.0;-45.0;-47.0;-46.0;-46.0;0.929040;0.443243;985;75.031472;1.439860;500;1338126530976;1338891268357
43;27;64;37;0;7399;-20.116908;-24.0;-17.0;-21.0;-19.0;-19.0;2.424917;0.000135;976;75.489754;4.790150;497;1338126530976;1338891268357
43;27;64;41;0;6858;-37.773841;-45.0;-31.0;-39.0;-38.0;-35.0;3.384293;0.073243;980;77.657143;2.204277;487;1338126530976;1338891268357
43;27;64;42;0;312;-47.288462;-49.0;-46.0;-48.0;-47.0;-47.0;0.656500;0.957838;985;74.475127;0.683458;487;1338126530976;1338891268357
43;27;64;44;0;7243;-40.048184;-44.0;-37.0;-41.0;-39.0;-39.0;1.798699;0.021216;984;74.256098;2.252943;498;1338126530976;1338891268357
43;27;64;46;0;7334;-31.168394;-36.0;-25.0;-32.0;-31.0;-29.0;2.632058;0.008919;980;76.582653;2.605938;495;1338126530976;1338891268357
43;27;64;47;0;7400;-26.238649;-30.0;-23.0;-27.0;-26.0;-25.0;1.727971;0.000000;984;76.920732;3.894047;500;1338126530976;1338891268357
43;27;64;48;0;7400;-25.146216;-33.0;-21.0;-27.0;-25.0;-23.0;2.098526;0.000000;980;75.692857;4.022479;484;1338126530976;1338891268357
43;27;64;50;0;4144;-46.270753;-48.0;-45.0;-47.0;-46.0;-46.0;0.866160;0.440000;980;74.969388;1.186010;496;1338126530976;1338891268357
43;23;0;4;0;3084;-44.779831;-49.0;-41.0;-46.0;-45.0;-44.0;1.457307;0.583243;980;75.569388;1.044604;488;1338126305369;1338891042717
43;23;0;5;0;2;-49.000000;-49.0;-49.0;-49.0;-49.0;-49.0;0.000000;0.999730;989;75.180991;0.944086;489;1338126305369;1338891042717
43;23;0;6;0;1161;-44.683893;-46.0;-43.0;-45.0;-45.0;-44.0;0.723371;0.843108;985;77.058883;0.494466;492;1338126305369;1338891042717
43;23;0;7;0;7400;-14.592027;-23.0;-9.0;-17.0;-15.0;-13.0;2.420665;0.000000;979;77.032686;2.331204;489;1338126305369;1338891042717
43;23;0;12;0;7328;-41.568777;-47.0;-37.0;-43.0;-42.0;-40.0;1.689947;0.009730;982;74.126273;1.591370;488;1338126305369;1338891042717
43;23;0;13;0;2090;-46.072249;-48.0;-45.0;-47.0;-46.0;-46.0;0.804514;0.717568;986;76.223124;0.779765;494;1338126305369;1338891042717
43;23;0;14;0;7400;-13.740541;-21.0;-8.0;-15.0;-14.0;-11.0;3.138378;0.000000;984;77.596545;1.641535;496;1338126305369;1338891042717
43;23;0;15;0;7399;-21.642790;-26.0;-18.0;-23.0;-21.0;-21.0;2.210927;0.000135;984;74.129065;1.231417;490;1338126305369;1338891042717
43;23;0;17;0;7399;-19.211650;-27.0;-14.0;-21.0;-19.0;-17.0;2.817859;0.000135;978;75.372188;2.344558;492;1338126305369;1338891042717
43;23;0;22;0;1852;-47.847192;-49.0;-46.0;-48.0;-48.0;-47.0;0.727538;0.749730;981;73.906218;1.180355;489;1338126305369;1338891042717
43;23;0;25;0;7340;-41.348365;-43.0;-40.0;-42.0;-41.0;-41.0;1.146464;0.008108;989;74.615774;1.865952;492;1338126305369;1338891042717
43;23;0;28;0;7294;-39.683713;-45.0;-34.0;-41.0;-40.0;-38.0;2.357042;0.014324;983;76.965412;1.325307;490;1338126305369;1338891042717
43;23;0;29;0;1399;-50.808435;-52.0;-49.0;-51.0;-51.0;-50.0;0.620732;0.810946;989;71.840243;0.566220;493;1338126305369;1338891042717
43;23;0;30;0;4606;-46.861268;-51.0;-43.0;-48.0;-47.0;-46.0;1.681240;0.377568;980;73.682653;1.167444;488;1338126305369;1338891042717
43;23;0;31;0;762;-48.162730;-51.0;-45.0;-49.0;-48.0;-47.0;1.147368;0.897027;983;73.228891;0.720305;493;1338126305369;1338891042717
43;23;0;33;0;7378;-32.074681;-36.0;-28.0;-33.0;-32.0;-31.0;2.477932;0.002973;981;76.048930;1.443370;489;1338126305369;1338891042717
43;23;0;35;0;6961;-43.411291;-45.0;-42.0;-44.0;-43.0;-43.0;1.458796;0.059324;984;74.652439;1.224177;490;1338126305369;1338891042717
43;23;0;36;0;3206;-47.238615;-49.0;-46.0;-48.0;-47.0;-47.0;0.840559;0.566757;986;74.899594;1.032989;480;1338126305369;1338891042717
43;23;0;37;0;7399;-21.720232;-27.0;-19.0;-23.0;-21.0;-20.0;2.410689;0.000135;985;75.033503;2.594533;492;1338126305369;1338891042717
43;23;0;41;0;6865;-39.103860;-47.0;-32.0;-41.0;-39.0;-37.0;3.028154;0.072297;986;77.320487;1.244980;491;1338126305369;1338891042717
43;23;0;42;0;167;-47.730539;-49.0;-46.0;-48.0;-48.0;-47.0;0.824600;0.977432;987;74.509625;1.232035;505;1338126305369;1338891042717
43;23;0;44;0;7329;-41.966162;-46.0;-38.0;-43.0;-42.0;-41.0;1.747410;0.009595;976;74.024590;1.615124;492;1338126305369;1338891042717
43;23;0;46;0;7301;-32.874538;-38.0;-27.0;-34.0;-32.0;-31.0;2.466407;0.013378;978;76.377301;1.582199;490;1338126305369;1338891042717
43;23;0;47;0;7398;-28.690051;-33.0;-25.0;-30.0;-29.0;-28.0;1.646471;0.000270;978;76.484663;1.905729;492;1338126305369;1338891042717
43;23;0;48;0;7399;-27.090553;-35.0;-23.0;-29.0;-27.0;-25.0;2.086509;0.000135;984;75.318089;2.570954;498;1338126305369;1338891042717
43;23;0;50;0;2776;-47.263329;-49.0;-46.0;-48.0;-47.0;-47.0;0.769347;0.624865;986;74.905680;1.127518;493;1338126305369;1338891042717
43;23;16;4;0;3053;-44.550606;-49.0;-41.0;-46.0;-45.0;-44.0;1.566925;0.587432;982;75.612016;1.208692;500;1338126425696;1338891163054
43;23;16;5;0;1;-49.000000;-49.0;-49.0;-49.0;-49.0;-49.0;NaN;0.999865;981;75.145770;1.011240;492;1338126425696;1338891163054
43;23;16;6;0;973;-44.565262;-46.0;-43.0;-45.0;-45.0;-44.0;0.634328;0.868514;989;77.052578;0.657613;492;1338126425696;1338891163054
43;23;16;7;0;7400;-14.668919;-20.0;-9.0;-16.0;-15.0;-13.0;2.414950;0.000000;987;77.250253;3.559005;491;1338126425696;1338891163054
43;23;16;12;0;7327;-41.536782;-47.0;-37.0;-43.0;-41.0;-40.0;1.757937;0.009865;981;74.256881;1.762786;499;1338126425696;1338891163054
43;23;16;13;0;1824;-45.858004;-47.0;-44.0;-46.0;-46.0;-45.0;0.804616;0.753514;980;76.262245;0.930475;493;1338126425696;1338891163054
43;23;16;14;0;7399;-13.631437;-21.0;-9.0;-15.0;-14.0;-11.0;3.100548;0.000135;986;78.122718;4.686101;492;1338126425696;1338891163054
43;23;16;15;0;7398;-21.620438;-27.0;-16.0;-23.0;-21.0;-20.0;2.422747;0.000270;982;74.343177;3.055276;497;1338126425696;1338891163054
43;23;16;17;0;7396;-19.111817;-27.0;-11.0;-21.0;-19.0;-17.0;2.850679;0.000541;982;75.577393;3.519802;494;1338126425696;1338891163054
43;23;16;22;0;1700;-47.786471;-49.0;-46.0;-48.0;-48.0;-47.0;0.662405;0.770270;989;73.950455;1.313497;498;1338126425696;1338891163054
43;23;16;25;0;7343;-41.353125;-43.0;-40.0;-42.0;-41.0;-41.0;1.189676;0.007703;985;74.644670;1.426247;492;1338126425696;1338891163054
43;23;16;28;0;7176;-39.468506;-45.0;-34.0;-41.0;-39.0;-38.0;2.259379;0.030270;981;77.122324;1.562743;492;1338126425696;1338891163054
43;23;16;29;0;805;-50.780124;-52.0;-49.0;-51.0;-51.0;-50.0;0.546452;0.891216;977;71.893552;0.673662;490;1338126425696;1338891163054
43;23;16;30;0;4465;-46.814334;-50.0;-43.0;-48.0;-47.0;-46.0;1.568984;0.396622;979;73.669050;1.060912;497;1338126425696;1338891163054
43;23;16;31;0;768;-48.122396;-50.0;-47.0;-49.0;-48.0;-48.0;0.778203;0.896216;986;73.268763;1.291824;495;1338126425696;1338891163054
43;23;16;33;0;7365;-32.082281;-36.0;-28.0;-33.0;-32.0;-31.0;2.304087;0.004730;979;76.311542;2.836726;492;1338126425696;1338891163054
43;23;16;35;0;6867;-43.341051;-47.0;-39.0;-44.0;-43.0;-42.0;1.480294;0.072027;977;74.636643;1.043131;491;1338126425696;1338891163054
43;23;16;36;0;2743;-47.063799;-49.0;-46.0;-48.0;-47.0;-47.0;0.791972;0.629324;976;74.844262;0.602838;499;1338126425696;1338891163054
43;23;16;37;0;7399;-21.769699;-27.0;-19.0;-23.0;-21.0;-20.0;2.426803;0.000135;985;75.144162;3.139625;499;1338126425696;1338891163054
43;23;16;41;0;6626;-38.987625;-46.0;-32.0;-40.0;-39.0;-36.0;2.964112;0.104595;979;77.404494;1.681069;492;1338126425696;1338891163054
43;23;16;42;0;132;-47.439394;-49.0;-46.0;-48.0;-47.0;-47.0;0.679667;0.982162;980;74.530612;1.181264;490;1338126425696;1338891163054
43;23;16;44;0;7319;-41.920071;-46.0;-38.0;-43.0;-41.0;-41.0;1.794827;0.010946;985;73.927919;1.140479;494;1338126425696;1338891163054
43;23;16;46;0;7322;-32.740098;-38.0;-27.0;-34.0;-32.0;-31.0;2.441905;0.010541;977;76.500512;2.263450;492;1338126425696;1338891163054
43;23;16;47;0;7399;-28.719692;-33.0;-25.0;-30.0;-29.0;-28.0;1.706049;0.000135;978;76.556237;2.366477;497;1338126425696;1338891163054
43;23;16;48;0;7399;-27.148939;-35.0;-23.0;-29.0;-27.0;-25.0;2.175519;0.000135;983;75.314344;2.550082;492;1338126425696;1338891163054
43;23;16;50;0;2099;-47.105765;-49.0;-46.0;-48.0;-47.0;-47.0;0.758969;0.716351;982;74.970468;1.765609;486;1338126425696;1338891163054
43;23;64;4;0;2620;-44.665267;-48.0;-41.0;-46.0;-45.0;-44.0;1.449604;0.645946;985;75.691371;1.383768;487;1338126546018;1338891283393
43;23;64;6;0;882;-44.506803;-46.0;-43.0;-45.0;-44.0;-44.0;0.580089;0.880811;987;77.108409;0.931421;493;1338126546018;1338891283393
43;23;64;7;0;7400;-14.612703;-23.0;-9.0;-17.0;-15.0;-13.0;2.404663;0.000000;981;78.037717;6.372262;496;1338126546018;1338891283393
43;23;64;12;0;7243;-41.511252;-47.0;-39.0;-43.0;-41.0;-40.0;1.734195;0.021216;985;74.386802;2.203016;488;1338126546018;1338891283393
43;23;64;13;0;1247;-45.543705;-47.0;-44.0;-46.0;-46.0;-45.0;0.804965;0.831486;974;76.380903;1.351671;494;1338126546018;1338891283393
43;23;64;14;0;7400;-13.526216;-21.0;-8.0;-15.0;-14.0;-11.0;3.004050;0.000000;983;78.778230;6.573852;496;1338126546018;1338891283393
43;23;64;15;0;7396;-21.548269;-27.0;-16.0;-23.0;-21.0;-20.0;2.436642;0.000541;987;75.044580;5.433354;496;1338126546018;1338891283393
43;23;64;17;0;7396;-18.985533;-24.0;-13.0;-20.0;-19.0;-17.0;2.620805;0.000541;982;76.129328;5.391935;498;1338126546018;1338891283393
43;23;64;22;0;1587;-47.698803;-49.0;-46.0;-48.0;-48.0;-47.0;0.612000;0.785541;982;74.026477;1.587191;491;1338126546018;1338891283393
43;23;64;25;0;7268;-41.279994;-43.0;-40.0;-42.0;-41.0;-41.0;1.169613;0.017838;975;74.795897;2.005225;486;1338126546018;1338891283393
43;23;64;28;0;7218;-39.392352;-45.0;-34.0;-41.0;-39.0;-38.0;2.233956;0.024595;979;77.259448;1.930834;487;1338126546018;1338891283393
43;23;64;29;0;351;-50.552707;-52.0;-49.0;-51.0;-51.0;-50.0;0.567639;0.952568;979;71.886619;0.696482;492;1338126546018;1338891283393
43;23;64;30;0;3923;-46.716543;-50.0;-43.0;-48.0;-47.0;-46.0;1.416627;0.469865;978;73.793456;1.585592;493;1338126546018;1338891283393
43;23;64;31;0;535;-48.265421;-50.0;-47.0;-49.0;-48.0;-48.0;0.603222;0.927703;983;73.286877;1.113288;490;1338126546018;1338891283393
43;23;64;33;0;7335;-32.065031;-36.0;-28.0;-33.0;-32.0;-31.0;2.301278;0.008784;980;76.468367;3.187697;500;1338126546018;1338891283393
43;23;64;35;0;6906;-43.426441;-45.0;-42.0;-44.0;-43.0;-43.0;1.455849;0.066757;981;74.923547;2.163063;493;1338126546018;1338891283393
43;23;64;36;0;2214;-46.947154;-48.0;-45.0;-47.0;-47.0;-46.0;0.694962;0.700811;979;74.937692;0.906238;487;1338126546018;1338891283393
43;23;64;37;0;7399;-21.837546;-27.0;-19.0;-23.0;-21.0;-20.0;2.481310;0.000135;980;75.608163;4.926999;488;1338126546018;1338891283393
43;23;64;41;0;6389;-38.750665;-46.0;-33.0;-40.0;-39.0;-36.0;2.794849;0.136622;975;77.492308;1.989111;502;1338126546018;1338891283393
43;23;64;42;0;122;-46.778689;-48.0;-45.0;-47.0;-47.0;-46.0;0.913736;0.983514;976;74.508197;0.910303;491;1338126546018;1338891283393
43;23;64;44;0;7230;-41.940526;-46.0;-39.0;-43.0;-42.0;-41.0;1.732347;0.022973;979;74.218590;2.176567;490;1338126546018;1338891283393
43;23;64;46;0;7328;-32.775519;-38.0;-27.0;-34.0;-32.0;-31.0;2.522716;0.009730;986;76.962475;3.544011;492;1338126546018;1338891283393
43;23;64;47;0;7398;-28.621655;-30.0;-27.0;-29.0;-29.0;-28.0;1.538212;0.000270;986;77.189655;4.416114;486;1338126546018;1338891283393
43;23;64;48;0;7399;-27.064738;-35.0;-23.0;-29.0;-27.0;-25.0;2.118929;0.000135;979;75.698672;4.031333;495;1338126546018;1338891283393
43;23;64;50;0;1407;-46.759062;-48.0;-45.0;-47.0;-47.0;-46.0;0.771709;0.809865;983;74.927772;0.785479;495;1338126546018;1338891283393
43;19;0;4;0;2028;-45.606509;-48.0;-42.0;-47.0;-46.0;-45.0;1.194047;0.725946;982;75.616090;1.630577;497;1338126320402;1338891057756
43;19;0;6;0;406;-45.830049;-46.0;-46.0;-46.0;-46.0;-46.0;0.419504;0.945135;978;77.068507;0.886848;492;1338126320402;1338891057756
43;19;0;7;0;7400;-17.001622;-21.0;-13.0;-18.0;-17.0;-16.0;1.710022;0.000000;979;77.033708;2.263764;491;1338126320402;1338891057756
43;19;0;12;0;7333;-43.719351;-48.0;-41.0;-45.0;-44.0;-43.0;1.383226;0.009054;976;74.125000;1.159465;499;1338126320402;1338891057756
43;19;0;13;0;300;-46.603333;-48.0;-46.0;-47.0;-47.0;-46.0;0.560090;0.959459;985;76.271066;1.122853;496;1338126320402;1338891057756
43;19;0;14;0;7399;-16.143263;-20.0;-12.0;-17.0;-17.0;-15.0;2.271041;0.000135;978;77.872188;3.381421;493;1338126320402;1338891057756
43;19;0;15;0;7398;-23.647202;-29.0;-18.0;-25.0;-23.0;-22.0;2.361914;0.000270;977;74.334698;2.591275;490;1338126320402;1338891057756
43;19;0;17;0;7397;-21.103015;-29.0;-15.0;-23.0;-20.0;-19.0;2.819318;0.000405;980;75.477551;2.758311;490;1338126320402;1338891057756
43;19;0;22;0;814;-48.871007;-49.0;-49.0;-49.0;-49.0;-49.0;0.467197;0.890000;976;73.892418;0.600601;492;1338126320402;1338891057756
43;19;0;25;0;7355;-43.449354;-45.0;-42.0;-44.0;-44.0;-43.0;0.880073;0.006081;983;74.556460;0.918589;489;1338126320402;1338891057756
43;19;0;28;0;7163;-41.517660;-47.0;-36.0;-43.0;-41.0;-40.0;2.246053;0.032027;980;77.071429;1.570606;496;1338126320402;1338891057756
43;19;0;29;0;74;-51.337838;-52.0;-51.0;-52.0;-51.0;-51.0;0.476201;0.990000;975;71.837949;0.442129;487;1338126320402;1338891057756
43;19;0;30;0;3081;-47.612463;-49.0;-46.0;-48.0;-48.0;-47.0;1.244375;0.583649;985;73.651777;0.783182;497;1338126320402;1338891057756
43;19;0;31;0;343;-48.784257;-50.0;-47.0;-49.0;-49.0;-48.0;0.823690;0.953649;976;73.250000;0.743519;498;1338126320402;1338891057756
43;19;0;33;0;7372;-34.014243;-38.0;-30.0;-35.0;-33.0;-33.0;2.643250;0.003784;983;75.993896;1.339500;491;1338126320402;1338891057756
43;19;0;35;0;6635;-44.913941;-46.0;-43.0;-45.0;-45.0;-44.0;1.052286;0.103378;987;74.670719;1.631331;483;1338126320402;1338891057756
43;19;0;36;0;1115;-47.930942;-48.0;-48.0;-48.0;-48.0;-48.0;0.574505;0.849324;981;74.921509;1.195637;500;1338126320402;1338891057756
43;19;0;37;0;7399;-23.859440;-29.0;-20.0;-25.0;-23.0;-22.0;2.561908;0.000135;976;74.809426;0.783518;498;1338126320402;1338891057756
43;19;0;41;0;6267;-40.440243;-47.0;-33.0;-42.0;-41.0;-38.0;2.556117;0.153108;979;77.334014;1.407611;489;1338126320402;1338891057756
43;19;0;42;0;46;-48.347826;-49.0;-47.0;-49.0;-48.0;-48.0;0.525670;0.993784;979;74.511747;1.241171;488;1338126320402;1338891057756
43;19;0;44;0;7334;-44.104990;-48.0;-40.0;-45.0;-44.0;-43.0;1.381096;0.008919;984;73.985772;1.494582;492;1338126320402;1338891057756
43;19;0;46;0;7317;-34.765068;-40.0;-29.0;-36.0;-34.0;-33.0;2.538472;0.011216;987;76.451874;1.979731;494;1338126320402;1338891057756
43;19;0;47;0;7399;-30.862954;-35.0;-27.0;-32.0;-31.0;-30.0;1.393368;0.000135;977;76.417605;1.862490;496;1338126320402;1338891057756
43;19;0;48;0;7400;-29.490270;-35.0;-25.0;-31.0;-29.0;-28.0;1.813261;0.000000;982;75.162933;1.527836;494;1338126320402;1338891057756
43;19;0;50;0;511;-47.739726;-49.0;-46.0;-48.0;-48.0;-47.0;0.588090;0.930946;976;74.831967;0.589169;487;1338126320402;1338891057756
43;19;16;4;0;1970;-45.455838;-47.0;-44.0;-46.0;-45.0;-45.0;1.110149;0.733784;980;75.777551;2.258003;495;1338126440735;1338891178086
43;19;16;6;0;275;-45.752727;-46.0;-45.0;-46.0;-46.0;-45.5;0.440576;0.962838;976;77.045082;0.498219;497;1338126440735;1338891178086
43;19;16;7;0;7400;-17.064324;-21.0;-13.0;-18.0;-17.0;-16.0;1.653502;0.000000;985;77.017259;2.089148;494;1338126440735;1338891178086
43;19;16;12;0;7286;-43.691600;-48.0;-41.0;-45.0;-44.0;-43.0;1.348836;0.015405;982;74.190428;1.378956;492;1338126440735;1338891178086
43;19;16;13;0;339;-46.047198;-46.0;-46.0;-46.0;-46.0;-46.0;0.651000;0.954189;985;76.252792;0.963804;494;1338126440735;1338891178086
43;19;16;14;0;7400;-15.993649;-20.0;-12.0;-17.0;-16.0;-15.0;2.282954;0.000000;981;77.911315;3.496541;490;1338126440735;1338891178086
43;19;16;15;0;7395;-23.687356;-29.0;-18.0;-25.0;-23.0;-22.0;2.831896;0.000676;980;74.312245;2.545290;495;1338126440735;1338891178086
43;19;16;17;0;7394;-20.968623;-29.0;-15.0;-23.0;-20.0;-19.0;2.704349;0.000811;984;75.481707;2.847724;493;1338126440735;1338891178086
43;19;16;22;0;669;-48.792227;-49.0;-49.0;-49.0;-49.0;-49.0;0.530675;0.909595;982;73.957230;1.364395;486;1338126440735;1338891178086
43;19;16;25;0;7314;-43.395816;-45.0;-42.0;-44.0;-43.0;-43.0;0.913840;0.011622;983;74.564598;1.062050;492;1338126440735;1338891178086
43;19;16;28;0;6988;-41.276331;-47.0;-36.0;-43.0;-41.0;-40.0;2.183293;0.055676;985;77.115736;1.728764;490;1338126440735;1338891178086
43;19;16;29;0;26;-51.269231;-52.0;-51.0;-52.0;-51.0;-51.0;0.452344;0.996486;989;71.877654;0.942795;493;1338126440735;1338891178086
43;19;16;30;0;2699;-47.480919;-49.0;-46.0;-48.0;-48.0;-47.0;1.152843;0.635270;985;73.717766;1.436154;494;1338126440735;1338891178086
43;19;16;31;0;174;-48.965517;-49.0;-49.0;-49.0;-49.0;-49.0;0.736313;0.976486;982;73.288187;1.150031;488;1338126440735;1338891178086
43;19;16;33;0;7352;-34.052639;-38.0;-30.0;-35.0;-33.0;-33.0;2.605432;0.006486;987;76.140831;1.843641;498;1338126440735;1338891178086
43;19;16;35;0;6494;-44.847552;-46.0;-43.0;-45.0;-45.0;-44.0;1.066774;0.122432;979;74.700715;1.405987;497;1338126440735;1338891178086
43;19;16;36;0;860;-47.877907;-48.0;-48.0;-48.0;-48.0;-48.0;0.524355;0.883784;982;74.854379;0.718317;491;1338126440735;1338891178086
43;19;16;37;0;7398;-23.838064;-29.0;-20.0;-25.0;-23.0;-22.0;2.566514;0.000270;977;75.029683;2.538664;491;1338126440735;1338891178086
43;19;16;41;0;6198;-40.401258;-47.0;-34.0;-42.0;-41.0;-38.0;2.426026;0.162432;987;77.309017;1.018465;496;1338126440735;1338891178086
43;19;16;42;0;43;-47.976744;-48.0;-48.0;-48.0;-48.0;-48.0;0.672181;0.994189;992;74.486895;1.008455;488;1338126440735;1338891178086
43;19;16;44;0;7231;-44.041903;-48.0;-40.0;-45.0;-44.0;-43.0;1.347520;0.022838;984;74.027439;1.456126;495;1338126440735;1338891178086
43;19;16;46;0;7277;-34.581146;-40.0;-29.0;-36.0;-34.0;-33.0;2.504348;0.016622;979;76.411645;1.832759;493;1338126440735;1338891178086
43;19;16;47;0;7392;-30.909632;-35.0;-27.0;-32.0;-31.0;-30.0;1.671250;0.001081;982;76.462322;2.042890;493;1338126440735;1338891178086
43;19;16;48;0;7399;-29.491958;-35.0;-25.0;-31.0;-29.0;-28.0;1.920749;0.000135;981;75.310907;2.307082;487;1338126440735;1338891178086
43;19;16;50;0;303;-47.465347;-49.0;-46.0;-48.0;-47.0;-47.0;0.579410;0.959054;979;74.867211;0.699648;499;1338126440735;1338891178086
43;19;64;4;0;1500;-45.353333;-47.0;-44.0;-46.0;-45.0;-45.0;0.942911;0.797297;986;75.563895;0.778176;493;1338126561060;1338891298431
43;19;64;6;0;89;-45.685393;-46.0;-45.0;-46.0;-46.0;-45.0;0.466990;0.987973;985;77.140102;1.138153;493;1338126561060;1338891298431
43;19;64;7;0;7399;-17.079335;-21.0;-13.0;-18.0;-17.0;-16.0;1.719143;0.000135;979;77.943820;5.847929;489;1338126561060;1338891298431
43;19;64;12;0;7206;-43.673467;-48.0;-40.0;-45.0;-44.0;-43.0;1.361341;0.026216;980;74.281633;1.531511;486;1338126561060;1338891298431
43;19;64;13;0;120;-45.816667;-47.0;-45.0;-46.0;-46.0;-45.0;0.593853;0.983784;984;76.314024;0.831701;491;1338126561060;1338891298431
43;19;64;14;0;7400;-16.063649;-20.0;-12.0;-17.0;-16.0;-15.0;2.436406;0.000000;983;78.244151;4.988929;492;1338126561060;1338891298431
43;19;64;15;0;7394;-23.540438;-29.0;-18.0;-25.0;-23.0;-22.0;2.423743;0.000811;985;74.922843;4.862347;488;1338126561060;1338891298431
43;19;64;17;0;7393;-20.951441;-26.0;-15.0;-22.0;-20.0;-19.0;2.705253;0.000946;975;76.076923;5.108799;491;1338126561060;1338891298431
43;19;64;22;0;298;-48.755034;-49.0;-49.0;-49.0;-49.0;-49.0;0.489339;0.959730;982;73.933809;0.604686;497;1338126561060;1338891298431
43;19;64;25;0;7246;-43.420508;-45.0;-42.0;-44.0;-43.0;-43.0;0.877895;0.020811;985;74.713706;1.468942;494;1338126561060;1338891298431
43;19;64;28;0;6933;-41.328429;-47.0;-36.0;-43.0;-41.0;-40.0;2.093155;0.063108;979;77.145046;1.570889;489;1338126561060;1338891298431
43;19;64;29;0;3;-51.000000;-51.0;-51.0;-51.0;-51.0;-51.0;0.000000;0.999595;988;71.880567;0.805193;496;1338126561060;1338891298431
43;19;64;30;0;2156;-47.281076;-50.0;-44.0;-48.0;-47.0;-46.0;1.102132;0.708649;975;73.854359;1.715169;487;1338126561060;1338891298431
43;19;64;31;0;112;-48.553571;-50.0;-47.0;-49.0;-49.0;-48.0;0.825705;0.984865;986;73.303245;1.312312;496;1338126561060;1338891298431
43;19;64;33;0;7321;-33.903702;-38.0;-30.0;-35.0;-33.0;-33.0;2.407613;0.010676;981;76.465851;3.018329;483;1338126561060;1338891298431
43;19;64;35;0;6346;-44.808698;-46.0;-43.0;-45.0;-45.0;-44.0;1.034759;0.142432;985;74.784772;1.417218;491;1338126561060;1338891298431
43;19;64;36;0;460;-47.736957;-49.0;-47.0;-48.0;-48.0;-47.0;0.500918;0.937838;982;74.887984;0.641480;490;1338126561060;1338891298431
43;19;64;37;0;7397;-23.983507;-29.0;-20.0;-25.0;-23.0;-22.0;2.743200;0.000405;987;75.690983;4.999873;488;1338126561060;1338891298431
43;19;64;41;0;5966;-40.287127;-47.0;-35.0;-42.0;-41.0;-38.0;2.373688;0.193784;986;77.587221;2.084265;492;1338126561060;1338891298431
43;19;64;42;0;40;-47.825000;-48.0;-48.0;-48.0;-48.0;-48.0;0.384808;0.994595;986;74.521298;1.092686;503;1338126561060;1338891298431
43;19;64;44;0;7184;-44.080735;-48.0;-41.0;-45.0;-44.0;-43.0;1.339032;0.029189;979;74.117467;1.634711;486;1338126561060;1338891298431
43;19;64;46;0;7243;-34.588844;-40.0;-29.0;-36.0;-34.0;-33.0;2.688812;0.021216;974;76.858316;3.177588;491;1338126561060;1338891298431
43;19;64;47;0;7395;-30.856660;-35.0;-27.0;-32.0;-31.0;-30.0;1.418990;0.000676;977;76.639713;2.789981;489;1338126561060;1338891298431
43;19;64;48;0;7397;-29.426389;-35.0;-25.0;-31.0;-29.0;-28.0;1.892714;0.000405;983;75.594100;3.413023;494;1338126561060;1338891298431
43;19;64;50;0;165;-47.545455;-49.0;-47.0;-48.0;-48.0;-47.0;0.511508;0.977703;986;74.926978;0.811555;493;1338126561060;1338891298431
43;15;0;4;0;874;-46.509153;-48.0;-45.0;-47.0;-47.0;-46.0;0.897002;0.881892;983;75.555443;0.956662;497;1338126335442;1338891072791
43;15;0;7;0;7400;-19.504730;-24.0;-17.0;-21.0;-19.0;-19.0;1.533155;0.000000;987;76.989868;1.751817;493;1338126335442;1338891072791
43;15;0;12;0;7196;-45.779183;-50.0;-43.0;-47.0;-46.0;-45.0;1.132017;0.027568;985;74.060914;0.761327;489;1338126335442;1338891072791
43;15;0;13;0;1;-48.000000;-48.0;-48.0;-48.0;-48.0;-48.0;NaN;0.999865;976;76.304303;1.128930;489;1338126335442;1338891072791
43;15;0;14;0;7400;-18.556757;-22.0;-14.0;-19.0;-19.0;-17.0;1.800053;0.000000;982;77.661914;2.032798;488;1338126335442;1338891072791
43;15;0;15;0;7399;-26.531829;-35.0;-20.0;-29.0;-26.0;-25.0;2.358406;0.000135;980;74.198980;1.576837;498;1338126335442;1338891072791
43;15;0;17;0;7394;-23.651339;-31.0;-17.0;-25.0;-23.0;-21.0;3.077808;0.000811;983;75.322482;1.831155;496;1338126335442;1338891072791
43;15;0;22;0;3;-50.000000;-50.0;-50.0;-50.0;-50.0;-50.0;0.000000;0.999595;983;73.973550;1.587666;495;1338126335442;1338891072791
43;15;0;25;0;7303;-45.542106;-47.0;-44.0;-46.0;-46.0;-45.0;0.774915;0.013108;975;74.584615;1.200090;497;1338126335442;1338891072791
43;15;0;28;0;6207;-43.482359;-48.0;-40.0;-45.0;-44.0;-43.0;1.759547;0.161216;978;77.037832;1.513366;492;1338126335442;1338891072791
43;15;0;30;0;1076;-48.442379;-50.0;-47.0;-49.0;-49.0;-48.0;0.908578;0.854595;982;73.667006;1.050271;497;1338126335442;1338891072791
43;15;0;31;0;41;-49.536585;-51.0;-49.0;-50.0;-49.0;-49.0;0.595716;0.994459;982;73.200611;0.638135;492;1338126335442;1338891072791
43;15;0;33;0;7353;-36.509860;-40.0;-32.0;-37.0;-36.0;-35.0;2.640233;0.006351;975;75.998974;1.202751;495;1338126335442;1338891072791
43;15;0;35;0;5600;-46.546607;-48.0;-45.0;-47.0;-46.0;-46.0;0.725106;0.243243;980;74.581633;0.663101;502;1338126335442;1338891072791
43;15;0;36;0;42;-48.738095;-50.0;-48.0;-49.0;-49.0;-48.0;0.496796;0.994324;980;74.884694;0.959853;496;1338126335442;1338891072791
43;15;0;37;0;7400;-26.550405;-35.0;-23.0;-29.0;-25.0;-25.0;2.551992;0.000000;986;74.978702;2.127545;491;1338126335442;1338891072791
43;15;0;41;0;5626;-42.455030;-47.0;-36.0;-44.0;-43.0;-40.0;2.268984;0.239730;978;77.293456;0.973959;493;1338126335442;1338891072791
43;15;0;44;0;7054;-46.045790;-50.0;-43.0;-47.0;-46.0;-45.0;1.173712;0.046757;981;73.930683;0.945066;498;1338126335442;1338891072791
43;15;0;46;0;7229;-37.090192;-41.0;-33.0;-38.0;-37.0;-36.0;2.464838;0.023108;979;76.321757;1.288476;493;1338126335442;1338891072791
43;15;0;47;0;7394;-33.101163;-37.0;-29.0;-34.0;-33.0;-32.0;1.197315;0.000811;982;76.330957;1.302174;495;1338126335442;1338891072791
43;15;0;48;0;7397;-31.921319;-36.0;-28.0;-33.0;-32.0;-31.0;1.581832;0.000405;978;75.182004;1.615433;485;1338126335442;1338891072791
43;15;0;50;0;5;-48.400000;-49.0;-48.0;-49.0;-48.0;-48.0;0.547723;0.999324;984;74.886179;0.946833;498;1338126335442;1338891072791
43;15;16;4;0;720;-46.487500;-48.0;-45.0;-47.0;-47.0;-46.0;0.798022;0.902703;981;75.572885;1.276170;489;1338126455767;1338891193133
43;15;16;7;0;7400;-19.494865;-24.0;-16.0;-21.0;-19.0;-19.0;1.626157;0.000000;982;77.095723;2.561178;490;1338126455767;1338891193133
43;15;16;12;0;7076;-45.741662;-50.0;-43.0;-47.0;-46.0;-45.0;1.111568;0.043784;980;74.134694;1.233769;489;1338126455767;1338891193133
43;15;16;13;0;4;-47.000000;-47.0;-47.0;-47.0;-47.0;-47.0;0.000000;0.999459;980;76.302041;1.149942;492;1338126455767;1338891193133
43;15;16;14;0;7400;-18.625676;-24.0;-15.0;-20.0;-19.0;-17.0;2.138947;0.000000;980;77.731633;2.485180;493;1338126455767;1338891193133
43;15;16;15;0;7388;-26.521251;-35.0;-20.0;-29.0;-25.0;-25.0;2.938374;0.001622;984;74.413618;2.866060;490;1338126455767;1338891193133
43;15;16;17;0;7387;-23.410857;-31.0;-15.0;-25.0;-23.0;-21.0;2.910248;0.001757;983;75.462869;2.677582;493;1338126455767;1338891193133
43;15;16;22;0;1;-49.000000;-49.0;-49.0;-49.0;-49.0;-49.0;NaN;0.999865;977;73.944729;1.347058;492;1338126455767;1338891193133
43;15;16;25;0;7231;-45.513484;-47.0;-44.0;-46.0;-46.0;-45.0;0.826802;0.022838;975;74.574359;0.807027;491;1338126455767;1338891193133
43;15;16;28;0;5972;-43.343269;-48.0;-40.0;-45.0;-44.0;-43.0;1.781118;0.192973;982;77.056008;1.467945;491;1338126455767;1338891193133
43;15;16;30;0;946;-48.043340;-50.0;-46.0;-49.0;-48.0;-47.0;0.855250;0.872162;979;73.720123;1.427639;488;1338126455767;1338891193133
43;15;16;31;0;4;-49.000000;-50.0;-48.0;-49.5;-49.0;-48.5;0.816497;0.999459;978;73.292434;1.466921;495;1338126455767;1338891193133
43;15;16;33;0;7292;-36.555677;-40.0;-32.0;-37.0;-36.0;-35.0;2.643402;0.014595;982;76.172098;2.080911;491;1338126455767;1338891193133
43;15;16;35;0;5344;-46.469311;-48.0;-45.0;-47.0;-46.0;-46.0;0.691242;0.277838;986;74.614604;1.057509;492;1338126455767;1338891193133
43;15;16;36;0;7;-48.285714;-49.0;-48.0;-48.5;-48.0;-48.0;0.487950;0.999054;977;74.866940;0.774003;484;1338126455767;1338891193133
43;15;16;37;0;7396;-26.583694;-35.0;-21.0;-29.0;-25.0;-25.0;2.588349;0.000541;981;75.033639;2.576560;490;1338126455767;1338891193133
43;15;16;41;0;5414;-42.362579;-48.0;-37.0;-44.0;-43.0;-40.0;2.127788;0.268378;982;77.399185;1.126784;490;1338126455767;1338891193133
43;15;16;44;0;6959;-46.015663;-50.0;-42.0;-47.0;-46.0;-45.0;1.166462;0.059595;980;73.942857;1.151807;494;1338126455767;1338891193133
43;15;16;46;0;7206;-36.939217;-42.0;-32.0;-38.0;-37.0;-35.0;2.436747;0.026216;986;76.340771;1.295639;490;1338126455767;1338891193133
43;15;16;47;0;7393;-33.158664;-37.0;-30.0;-34.0;-33.0;-32.0;1.560421;0.000946;981;76.472987;1.967733;493;1338126455767;1338891193133
43;15;16;48;0;7396;-31.873445;-36.0;-28.0;-33.0;-31.0;-31.0;1.826021;0.000541;979;75.203269;1.736929;500;1338126455767;1338891193133
43;15;64;4;0;411;-46.330900;-48.0;-45.0;-47.0;-47.0;-46.0;0.943524;0.944459;983;75.604273;1.314598;498;1338126576095;1338891313551
43;15;64;7;0;7397;-19.471002;-25.0;-15.0;-21.0;-19.0;-18.0;1.640525;0.000405;976;77.674180;5.013049;491;1338126576095;1338891313551
43;15;64;12;0;6977;-45.754192;-50.0;-43.0;-47.0;-46.0;-45.0;1.125155;0.057162;978;74.156442;0.995931;501;1338126576095;1338891313551
43;15;64;14;0;7400;-18.533378;-22.0;-14.0;-19.0;-19.0;-17.0;2.011514;0.000000;979;78.225741;4.660796;491;1338126576095;1338891313551
43;15;64;15;0;7396;-26.449703;-32.0;-21.0;-28.0;-25.0;-25.0;2.547090;0.000541;978;74.775051;4.325605;493;1338126576095;1338891313551
43;15;64;17;0;7388;-23.451949;-31.0;-17.0;-25.0;-23.0;-21.0;2.893206;0.001622;982;75.986762;4.656917;491;1338126576095;1338891313551
43;15;64;25;0;7155;-45.504962;-47.0;-44.0;-46.0;-46.0;-45.0;0.778393;0.033108;986;74.730223;1.357902;496;1338126576095;1338891313551
43;15;64;28;0;5673;-43.201481;-47.0;-39.0;-44.0;-43.0;-42.0;1.621366;0.233378;983;77.055951;1.210916;491;1338126576095;1338891313551
43;15;64;30;0;662;-48.028701;-48.0;-48.0;-48.0;-48.0;-48.0;0.694102;0.910541;987;73.655522;0.948404;495;1338126576095;1338891313551
43;15;64;31;0;2;-49.500000;-50.0;-49.0;-50.0;-49.5;-49.0;0.707107;0.999730;985;73.261929;0.808003;493;1338126576095;1338891313551
43;15;64;33;0;7257;-36.287860;-40.0;-32.0;-37.0;-36.0;-35.0;2.440518;0.019324;983;76.351984;2.554540;491;1338126576095;1338891313551
43;15;64;35;0;4773;-46.385502;-48.0;-45.0;-47.0;-46.0;-46.0;0.645877;0.355000;981;74.679918;1.135465;493;1338126576095;1338891313551
43;15;64;37;0;7395;-26.696552;-35.0;-23.0;-29.0;-25.0;-25.0;2.799713;0.000676;977;75.573183;4.359724;501;1338126576095;1338891313551
43;15;64;41;0;5244;-42.301106;-46.0;-37.0;-44.0;-43.0;-40.0;2.140655;0.291351;983;77.424212;1.216027;486;1338126576095;1338891313551
43;15;64;44;0;6597;-45.947097;-49.0;-43.0;-47.0;-46.0;-45.0;1.075848;0.108514;980;74.144898;1.947058;497;1338126576095;1338891313551
43;15;64;46;0;7042;-36.910111;-42.0;-31.0;-38.0;-37.0;-35.0;2.553173;0.048378;980;76.629592;2.331238;490;1338126576095;1338891313551
43;15;64;47;0;7380;-33.069106;-37.0;-29.0;-34.0;-33.0;-32.0;1.224538;0.002703;981;76.938838;3.302493;501;1338126576095;1338891313551
43;15;64;48;0;7378;-31.937924;-36.0;-28.0;-33.0;-31.0;-31.0;1.726979;0.002973;982;75.627291;3.295750;494;1338126576095;1338891313551
43;11;0;4;0;27;-47.629630;-48.0;-47.0;-48.0;-48.0;-47.0;0.492103;0.996351;981;75.527013;0.911678;487;1338126350477;1338891087834
43;11;0;7;0;7400;-22.640000;-28.0;-19.0;-24.0;-23.0;-21.0;1.559253;0.000000;985;76.929949;1.381559;489;1338126350477;1338891087834
43;11;0;12;0;4910;-47.741141;-49.0;-46.0;-48.0;-48.0;-47.0;0.787195;0.336486;982;74.131365;1.380679;491;1338126350477;1338891087834
43;11;0;14;0;7400;-21.680405;-26.0;-18.0;-23.0;-21.0;-21.0;1.964242;0.000000;983;77.632757;1.533212;498;1338126350477;1338891087834
43;11;0;15;0;7400;-30.258243;-34.0;-26.0;-31.0;-30.0;-29.0;1.981653;0.000000;981;74.163099;1.302237;490;1338126350477;1338891087834
43;11;0;17;0;7396;-27.260005;-35.0;-21.0;-29.0;-26.0;-25.0;3.142137;0.000541;981;75.422018;2.124513;493;1338126350477;1338891087834
43;11;0;25;0;4771;-47.754978;-49.0;-46.0;-48.0;-48.0;-47.0;0.605109;0.355270;981;74.593272;1.128804;491;1338126350477;1338891087834
43;11;0;28;0;3129;-45.032918;-47.0;-44.0;-46.0;-45.0;-45.0;1.195367;0.577162;986;77.044625;1.447573;487;1338126350477;1338891087834
43;11;0;30;0;72;-49.222222;-51.0;-48.0;-50.0;-49.0;-49.0;0.610293;0.990270;983;73.694812;1.376425;489;1338126350477;1338891087834
43;11;0;33;0;7273;-39.595903;-43.0;-35.0;-40.0;-39.0;-38.0;2.476050;0.017162;981;76.005097;1.193081;495;1338126350477;1338891087834
43;11;0;35;0;822;-48.214112;-50.0;-47.0;-49.0;-48.0;-48.0;0.513302;0.888919;986;74.675456;1.559040;496;1338126350477;1338891087834
43;11;0;37;0;7396;-30.304489;-36.0;-27.0;-32.0;-30.0;-29.0;2.215145;0.000541;983;74.977620;2.179218;490;1338126350477;1338891087834
43;11;0;41;0;3375;-44.041185;-48.0;-40.0;-45.0;-44.0;-43.0;1.547248;0.543919;986;77.353955;1.471030;500;1338126350477;1338891087834
43;11;0;44;0;4621;-47.931400;-48.0;-48.0;-48.0;-48.0;-48.0;0.649218;0.375541;976;73.917008;0.811632;491;1338126350477;1338891087834
43;11;0;46;0;7068;-40.298812;-46.0;-35.0;-42.0;-40.0;-39.0;2.467932;0.044865;980;76.328571;1.148877;494;1338126350477;1338891087834
43;11;0;47;0;7392;-36.049378;-40.0;-33.0;-37.0;-36.0;-35.0;1.222781;0.001081;981;76.410805;1.456669;486;1338126350477;1338891087834
43;11;0;48;0;7386;-35.014351;-39.0;-31.0;-36.0;-35.0;-34.0;1.554363;0.001892;982;75.160896;1.310422;495;1338126350477;1338891087834
43;11;16;4;0;33;-47.151515;-47.0;-47.0;-47.0;-47.0;-47.0;0.565752;0.995541;984;75.560976;1.278328;498;1338126470813;1338891208169
43;11;16;7;0;7399;-22.590215;-26.0;-19.0;-23.0;-23.0;-21.0;1.564834;0.000135;986;77.052738;2.393150;493;1338126470813;1338891208169
43;11;16;12;0;4342;-47.667895;-49.0;-46.0;-48.0;-48.0;-47.0;0.742482;0.413243;981;74.096840;0.736650;497;1338126470813;1338891208169
43;11;16;14;0;7400;-21.665811;-27.0;-17.0;-23.0;-21.0;-20.0;2.084204;0.000000;988;77.777328;2.541851;492;1338126470813;1338891208169
43;11;16;15;0;7398;-30.100703;-34.0;-26.0;-31.0;-30.0;-29.0;2.408301;0.000270;978;74.280164;1.974047;490;1338126470813;1338891208169
43;11;16;17;0;7387;-27.006633;-35.0;-19.0;-29.0;-26.0;-25.0;2.950092;0.001757;979;75.453524;2.349484;489;1338126470813;1338891208169
43;11;16;25;0;4074;-47.600147;-49.0;-46.0;-48.0;-48.0;-47.0;0.665084;0.449459;987;74.524823;0.888364;495;1338126470813;1338891208169
43;11;16;28;0;2777;-44.787901;-49.0;-41.0;-46.0;-45.0;-44.0;1.951877;0.624730;978;77.012270;1.626247;498;1338126470813;1338891208169
43;11;16;30;0;50;-49.140000;-49.0;-49.0;-49.0;-49.0;-49.0;0.350510;0.993243;980;73.637755;0.815079;496;1338126470813;1338891208169
43;11;16;33;0;7164;-39.575516;-43.0;-35.0;-40.0;-39.0;-38.0;2.466476;0.031892;983;76.059003;1.354098;486;1338126470813;1338891208169
43;11;16;35;0;401;-48.077307;-48.0;-48.0;-48.0;-48.0;-48.0;0.414136;0.945811;978;74.683027;1.237316;486;1338126470813;1338891208169
43;11;16;37;0;7395;-30.278972;-34.0;-26.0;-31.0;-30.0;-29.0;2.246973;0.000676;988;75.109312;2.672649;497;1338126470813;1338891208169
43;11;16;41;0;2985;-43.949749;-47.0;-40.0;-45.0;-44.0;-43.0;1.298130;0.596622;983;77.358087;1.575640;485;1338126470813;1338891208169
43;11;16;44;0;4062;-47.871000;-49.0;-46.0;-48.0;-48.0;-47.0;0.620666;0.451081;983;73.934893;1.199895;495;1338126470813;1338891208169
43;11;16;46;0;7009;-40.146811;-46.0;-35.0;-42.0;-40.0;-39.0;2.362966;0.052838;979;76.305414;1.060386;494;1338126470813;1338891208169
43;11;16;47;0;7387;-36.020577;-40.0;-33.0;-37.0;-36.0;-35.0;1.347183;0.001757;982;76.465377;1.745921;494;1338126470813;1338891208169
43;11;16;48;0;7384;-34.978061;-39.0;-31.0;-36.0;-35.0;-34.0;1.816238;0.002162;988;75.179150;1.632773;494;1338126470813;1338891208169
43;11;64;4;0;12;-46.750000;-47.0;-46.0;-47.0;-47.0;-46.5;0.452267;0.998378;980;75.591837;1.475276;493;1338126591133;1338891328584
43;11;64;7;0;7393;-22.575680;-28.0;-19.0;-24.0;-23.0;-21.0;1.651688;0.000946;983;77.552391;4.358788;493;1338126591133;1338891328584
43;11;64;12;0;3580;-47.490223;-49.0;-46.0;-48.0;-47.0;-47.0;0.670426;0.516216;986;74.206897;1.404053;493;1338126591133;1338891328584
43;11;64;14;0;7398;-21.673696;-27.0;-17.0;-23.0;-21.0;-20.0;2.141042;0.000270;984;78.532520;5.189684;494;1338126591133;1338891328584
43;11;64;15;0;7391;-30.130699;-34.0;-26.0;-31.0;-30.0;-29.0;2.113932;0.001216;984;74.837398;4.139233;496;1338126591133;1338891328584
43;11;64;17;0;7389;-27.045744;-35.0;-21.0;-29.0;-26.0;-25.0;2.673653;0.001486;987;75.766971;3.695620;493;1338126591133;1338891328584
43;11;64;25;0;2740;-47.485401;-49.0;-46.0;-48.0;-48.0;-47.0;0.644129;0.629730;977;74.663255;1.226505;491;1338126591133;1338891328584
43;11;64;28;0;2426;-44.575433;-46.0;-43.0;-45.0;-45.0;-44.0;1.124185;0.672162;981;77.044852;1.284931;492;1338126591133;1338891328584
43;11;64;30;0;19;-48.947368;-49.0;-49.0;-49.0;-49.0;-49.0;0.404651;0.997432;983;73.708037;1.485574;495;1338126591133;1338891328584
43;11;64;33;0;7081;-39.345996;-43.0;-35.0;-40.0;-39.0;-38.0;2.209900;0.043108;979;76.223698;1.992832;504;1338126591133;1338891328584
43;11;64;35;0;82;-48.012195;-48.0;-48.0;-48.0;-48.0;-48.0;0.400429;0.988919;980;74.704082;1.266438;493;1338126591133;1338891328584
43;11;64;37;0;7390;-30.264141;-34.0;-26.0;-31.0;-29.0;-29.0;2.258093;0.001351;985;75.404061;3.498720;493;1338126591133;1338891328584
43;11;64;41;0;2572;-43.694401;-45.0;-42.0;-44.0;-44.0;-43.0;1.108610;0.652432;979;77.366701;1.002734;497;1338126591133;1338891328584
43;11;64;44;0;3397;-47.767442;-49.0;-46.0;-48.0;-48.0;-47.0;0.553998;0.540946;980;73.988776;1.421014;495;1338126591133;1338891328584
43;11;64;46;0;6732;-40.057784;-44.0;-36.0;-41.0;-40.0;-39.0;2.235587;0.090270;988;76.591093;2.111099;495;1338126591133;1338891328584
43;11;64;47;0;7377;-35.994984;-40.0;-32.0;-37.0;-36.0;-35.0;1.221687;0.003108;988;76.725709;2.546163;493;1338126591133;1338891328584
43;11;64;48;0;7377;-34.954046;-39.0;-31.0;-36.0;-35.0;-34.0;1.662942;0.003108;979;75.629213;3.189388;488;1338126591133;1338891328584
43;7;0;7;0;7397;-28.526024;-34.0;-25.0;-30.0;-29.0;-27.0;2.006959;0.000405;982;76.970468;1.449856;493;1338126365509;1338891102875
43;7;0;12;0;3;-49.666667;-50.0;-49.0;-50.0;-50.0;-49.5;0.577350;0.999595;978;74.088957;0.777933;495;1338126365509;1338891102875
43;7;0;14;0;7385;-27.603927;-35.0;-21.0;-29.0;-27.0;-25.0;2.690783;0.002027;978;77.642127;1.484393;492;1338126365509;1338891102875
43;7;0;15;0;7369;-34.988465;-39.0;-31.0;-36.0;-35.0;-34.0;2.041774;0.004189;982;74.196538;1.339081;486;1338126365509;1338891102875
43;7;0;17;0;7349;-32.667302;-38.0;-27.0;-34.0;-32.0;-31.0;2.701225;0.006892;982;75.315682;1.344047;487;1338126365509;1338891102875
43;7;0;28;0;75;-46.280000;-47.0;-45.0;-47.0;-46.0;-46.0;0.534233;0.989865;979;76.959142;0.993005;494;1338126365509;1338891102875
43;7;0;33;0;6502;-44.446478;-46.0;-43.0;-45.0;-45.0;-44.0;1.308973;0.121351;983;75.991862;1.064104;489;1338126365509;1338891102875
43;7;0;37;0;7372;-35.134563;-40.0;-31.0;-36.0;-35.0;-33.0;2.238903;0.003784;979;74.925434;1.611423;495;1338126365509;1338891102875
43;7;0;41;0;248;-45.314516;-47.0;-44.0;-46.0;-45.0;-45.0;0.707014;0.966486;980;77.346939;1.559851;488;1338126365509;1338891102875
43;7;0;44;0;6;-49.833333;-50.0;-50.0;-50.0;-50.0;-50.0;0.408248;0.999189;983;73.893184;0.645984;488;1338126365509;1338891102875
43;7;0;46;0;5593;-44.356159;-46.0;-43.0;-45.0;-44.0;-44.0;1.262175;0.244189;989;76.312437;0.986989;490;1338126365509;1338891102875
43;7;0;47;0;7354;-41.323497;-45.0;-38.0;-42.0;-41.0;-40.0;1.510802;0.006216;980;76.330612;0.961401;494;1338126365509;1338891102875
43;7;0;48;0;7364;-40.091798;-44.0;-36.0;-41.0;-40.0;-39.0;1.708959;0.004865;979;75.130746;1.106434;499;1338126365509;1338891102875
43;7;16;7;0;7390;-28.427064;-34.0;-23.0;-30.0;-29.0;-27.0;2.020339;0.001351;983;77.208545;2.760694;494;1338126485859;1338891223220
43;7;16;14;0;7393;-27.481266;-35.0;-23.0;-29.0;-27.0;-25.0;2.636266;0.000946;979;77.927477;2.966385;492;1338126485859;1338891223220
43;7;16;15;0;7380;-34.908266;-40.0;-29.0;-36.0;-35.0;-33.0;2.046780;0.002703;982;74.305499;1.945839;498;1338126485859;1338891223220
43;7;16;17;0;7378;-32.540661;-38.0;-27.0;-34.0;-32.0;-31.0;2.714320;0.002973;985;75.283249;1.381488;495;1338126485859;1338891223220
43;7;16;28;0;68;-46.000000;-46.0;-46.0;-46.0;-46.0;-46.0;0.691095;0.990811;984;76.991870;1.362906;493;1338126485859;1338891223220
43;7;16;33;0;6419;-44.491821;-46.0;-43.0;-45.0;-45.0;-44.0;1.183948;0.132568;988;76.074899;1.388350;497;1338126485859;1338891223220
43;7;16;37;0;7365;-35.189274;-43.0;-31.0;-37.0;-35.0;-33.0;2.413359;0.004730;976;75.028689;2.118828;494;1338126485859;1338891223220
43;7;16;41;0;80;-45.737500;-47.0;-45.0;-46.0;-46.0;-45.0;0.496666;0.989189;985;77.330964;1.150338;491;1338126485859;1338891223220
43;7;16;46;0;5217;-44.286755;-46.0;-43.0;-45.0;-44.0;-44.0;1.249771;0.295000;983;76.416073;1.694254;495;1338126485859;1338891223220
43;7;16;47;0;7324;-41.299836;-45.0;-37.0;-42.0;-41.0;-40.0;1.579759;0.010270;985;76.376650;1.146426;496;1338126485859;1338891223220
43;7;16;48;0;7338;-40.080676;-44.0;-36.0;-41.0;-40.0;-39.0;1.871657;0.008378;985;75.146193;1.169110;485;1338126485859;1338891223220
43;7;64;7;0;7381;-28.401165;-34.0;-24.0;-30.0;-29.0;-27.0;1.988079;0.002568;983;77.453713;3.538793;493;1338126606165;1338891343615
43;7;64;14;0;7391;-27.557299;-35.0;-21.0;-29.0;-27.0;-25.0;2.775338;0.001216;984;78.094512;3.570851;492;1338126606165;1338891343615
43;7;64;15;0;7370;-34.973813;-40.0;-29.0;-36.0;-35.0;-33.0;2.211504;0.004054;982;74.646640;3.125702;492;1338126606165;1338891343615
43;7;64;17;0;7358;-32.620141;-38.0;-27.0;-34.0;-32.0;-31.0;2.335270;0.005676;978;75.611452;2.834636;495;1338126606165;1338891343615
43;7;64;28;0;30;-45.533333;-46.0;-44.0;-46.0;-46.0;-45.0;0.628810;0.995946;983;76.947101;0.589495;491;1338126606165;1338891343615
43;7;64;33;0;6293;-44.305101;-46.0;-43.0;-45.0;-44.0;-44.0;1.222940;0.149595;986;76.115619;1.345351;489;1338126606165;1338891343615
43;7;64;37;0;7364;-35.108229;-40.0;-32.0;-36.0;-35.0;-33.0;2.304085;0.004865;986;75.243408;2.726367;489;1338126606165;1338891343615
43;7;64;41;0;22;-45.772727;-46.0;-46.0;-46.0;-46.0;-46.0;0.428932;0.997027;988;77.306680;0.935659;494;1338126606165;1338891343615
43;7;64;46;0;4909;-44.207985;-46.0;-43.0;-45.0;-44.0;-44.0;1.195503;0.336622;976;76.459016;1.397566;490;1338126606165;1338891343615
43;7;64;47;0;7301;-41.228462;-45.0;-37.0;-42.0;-41.0;-40.0;1.491296;0.013378;977;76.586489;1.742355;488;1338126606165;1338891343615
43;7;64;48;0;7304;-40.101999;-44.0;-36.0;-41.0;-40.0;-39.0;1.788679;0.012973;982;75.374745;2.027862;495;1338126606165;1338891343615
43;3;0;7;0;7369;-38.693446;-43.0;-35.0;-40.0;-38.0;-38.0;1.598830;0.004189;985;76.883249;0.850379;493;1338126380548;1338891117915
43;3;0;14;0;7361;-37.882217;-42.0;-34.0;-39.0;-38.0;-37.0;1.778605;0.005270;982;77.556008;0.852184;490;1338126380548;1338891117915
43;3;0;15;0;7076;-45.475834;-50.0;-42.0;-47.0;-45.0;-45.0;1.467618;0.043784;982;74.102851;0.697024;496;1338126380548;1338891117915
43;3;0;17;0;7141;-42.642207;-48.0;-37.0;-44.0;-42.0;-41.0;2.048462;0.035000;982;75.289206;0.869617;494;1338126380548;1338891117915
43;3;0;37;0;6389;-45.039130;-49.0;-41.0;-46.0;-45.0;-44.0;1.279273;0.136622;984;74.825203;1.163157;493;1338126380548;1338891117915
43;3;0;47;0;1;-47.000000;-47.0;-47.0;-47.0;-47.0;-47.0;NaN;0.999865;984;76.285569;0.646420;501;1338126380548;1338891117915
43;3;0;48;0;1378;-47.523948;-49.0;-46.0;-48.0;-48.0;-47.0;0.664326;0.813784;984;75.102642;0.677072;482;1338126380548;1338891117915
43;3;16;7;0;7376;-38.678145;-43.0;-35.0;-40.0;-38.0;-38.0;1.566424;0.003243;982;76.997963;1.327969;493;1338126500895;1338891238255
43;3;16;14;0;7372;-37.913049;-43.0;-34.0;-39.0;-38.0;-36.0;1.946833;0.003784;982;77.576375;0.909667;497;1338126500895;1338891238255
43;3;16;15;0;6954;-45.351165;-49.0;-41.0;-46.0;-45.0;-44.0;1.442929;0.060270;985;74.159391;0.844624;490;1338126500895;1338891238255
43;3;16;17;0;7068;-42.434635;-48.0;-37.0;-44.0;-42.0;-41.0;2.142735;0.044865;983;75.324517;1.114375;498;1338126500895;1338891238255
43;3;16;37;0;6085;-44.880362;-49.0;-41.0;-46.0;-45.0;-44.0;1.226147;0.177703;979;74.910112;1.103114;489;1338126500895;1338891238255
43;3;16;47;0;2;-46.500000;-47.0;-46.0;-47.0;-46.5;-46.0;0.707107;0.999730;983;76.365209;0.900266;485;1338126500895;1338891238255
43;3;16;48;0;1129;-47.276351;-49.0;-46.0;-48.0;-47.0;-47.0;0.714452;0.847432;980;75.111224;0.703759;494;1338126500895;1338891238255
43;3;64;7;0;7355;-38.603807;-43.0;-35.0;-40.0;-38.0;-38.0;1.483180;0.006081;980;77.191837;1.917058;491;1338126621215;1338891358650
43;3;64;14;0;7331;-37.881872;-43.0;-33.0;-39.0;-38.0;-36.0;1.931985;0.009324;978;77.755624;1.669951;493;1338126621215;1338891358650
43;3;64;15;0;6866;-45.222983;-49.0;-41.0;-46.0;-45.0;-44.0;1.453209;0.072162;975;74.287179;1.293480;492;1338126621215;1338891358650
43;3;64;17;0;7047;-42.581098;-48.0;-37.0;-44.0;-42.0;-41.0;1.925869;0.047703;982;75.438900;1.524464;488;1338126621215;1338891358650
43;3;64;37;0;5878;-44.853522;-49.0;-41.0;-46.0;-45.0;-44.0;1.180991;0.205676;978;74.992843;1.374929;499;1338126621215;1338891358650
43;3;64;48;0;542;-47.097786;-47.0;-47.0;-47.0;-47.0;-47.0;0.533217;0.926757;982;75.169043;1.044347;495;1338126621215;1338891358650
